"Are you sure you want to delete this gift registry?","¿Está seguro que desea eliminar este registro de regalo?"
"Delete Registry","Delete Registry"
"Gift Registry Entity","Gift Registry Entity"
"Product ID","ID de artículo"
"Product","Producto"
"SKU","SKU"
"Price","Precio"
"Quantity","Cantidad"
"Total","Total"
"Add to Gift Registry","Add to Gift Registry"
"Are you sure you want to add these products?","Are you sure you want to add these products?"
"Update Items and Quantities","Actualizar Artículos y Cantidades"
"ID","ID"
"Requested","Requested"
"Fulfilled","Fulfilled"
"Note","Note"
"Action","Acción"
"Update Quantity","Update Quantity"
"Remove Item","Eliminar elemento"
"Sharing Information","Compartiendo información"
"Emails","Emails"
"Send From","Enviar desde"
"Message","Message"
"Share Gift Registry","Share Gift Registry"
"Gift Registry","Gift Registry"
"Event","Evento"
"Registrants","Registrants"
"Event Date","Event Date"
"Total Items","Total Items"
"Remaining","Remaining"
"Public","Public"
"No","No 	"
"Yes","Sí"
"Website","Página web"
"Gift Registry Types","Gift Registry Types"
"Add Gift Registry Type","Add Gift Registry Type"
"Save","Guardar"
"If you delete this gift registry type, you also delete customer registries that use this type. Do you want to continue?","If you delete this gift registry type, you also delete customer registries that use this type. Do you want to continue?"
"Delete","Borrar"
"Save and Continue Edit","Save and Continue Edit"
"Edit '%1' Gift Registry Type","Edit '%1' Gift Registry Type"
"New Gift Registry Type","New Gift Registry Type"
"Add Attribute","Añadir atributo"
"Delete Attribute","Eliminar atributo"
"Use Default Value","Usar valor por defecto"
"Short","Short"
"Medium","Medium"
"Long","Long"
"Full","Full"
"Add New Option","Nueva opción"
"Delete Option","Eliminar opción"
"General Information","Información general"
"Code","Código"
"Label","Etiqueta"
"Sort Order","Orden de aparición"
"Is Listed","Is Listed"
"Attributes","Atributos"
"[GLOBAL]","[GLOBAL]"
"[WEBSITE]","[WEBSEITE]"
"[STORE VIEW]","[VISTA DE TIENDA]"
"None","Ninguno"
"New Address","Nueva dirección"
"Edit Gift Registry","Edit Gift Registry"
"Create Gift Registry","Create Gift Registry"
"State/Province","Estado/Provincia"
"Please select a region, state or province","Please select a region, state or province"
"Please Select","Bitte auswählen"
"View Gift Registry %1","View Gift Registry %1"
"Share '%1' Gift Registry","Share '%1' Gift Registry"
"-- Please select --","-- Por favor, seleccione --"
"From","Desde"
"To","Hasta"
"Gift Registry Search","Gift Registry Search"
"Select Search Type","Select Search Type"
"Registrant","Registrant"
"Registry owner","Registry owner"
"Please correct the  gift registry ID.","Please correct the  gift registry ID."
"Please correct the gift registry entity.","Please correct the gift registry entity."
"Shopping cart items have been added to gift registry.","Shopping cart items have been added to gift registry."
"Virtual, Downloadable, and virtual Gift Card products cannot be added to gift registries.","Virtual, Downloadable, and virtual Gift Card products cannot be added to gift registries."
"We can't add shopping cart items to the gift registry right now.","We can't add shopping cart items to the gift registry right now."
"You deleted this gift registry entity.","You deleted this gift registry entity."
"We couldn't delete this gift registry entity.","We couldn't delete this gift registry entity."
"Customers","Clientes"
"Edit '%1' Gift Registry","Edit '%1' Gift Registry"
"Something went wrong while editing the gift registry.","Something went wrong while editing the gift registry."
"Please enter at least one email address.","Please enter at least one email address."
"%1 email(s) were sent.","%1 email(s) were sent."
"We couldn't send '%1 of %2 emails.","We couldn't send '%1 of %2 emails."
"You updated this gift registry.","You updated this gift registry."
"We can't update these gift registry items right now.","We can't update these gift registry items right now."
"You deleted the gift registry type.","You deleted the gift registry type."
"We couldn't delete this gift registry type.","We couldn't delete this gift registry type."
"%1","%1"
"Edit Type","Edit Type"
"New Type","New Type"
"You saved the gift registry type.","You saved the gift registry type."
"We can't save this gift registry type right now.","We can't save this gift registry type right now."
"Page not found.","Página no encontrada."
"Please correct the gift registry ID.","Please correct the gift registry ID."
"%1 item(s) have been added to the gift registry.","%1 item(s) have been added to the gift registry."
"We have nothing to add to this gift registry.","We have nothing to add to this gift registry."
"You can't add virtual products, digital products or gift cards to gift registries.","You can't add virtual products, digital products or gift cards to gift registries."
"You deleted this gift registry.","You deleted this gift registry."
"Something went wrong while deleting the gift registry.","Something went wrong while deleting the gift registry."
"Please correct the gift registry.","Please correct the gift registry."
"Incorrect Type","Incorrect Type"
"Please correct the registrant data.","Please correct the registrant data."
"Address is empty.","Address is empty."
"Please select an address.","Please select an address."
"Please correct the address.","Please correct the address."
"You saved this gift registry.","You saved this gift registry."
"We couldn't save this gift registry.","We couldn't save this gift registry."
"Gift Registry Items","Gift Registry Items"
"Something went wrong while sending email(s).","Something went wrong while sending email(s)."
"Something went wrong while sharing the gift registry.","Something went wrong while sharing the gift registry."
"You updated the gift registry items.","You updated the gift registry items."
"We couldn't update the gift registry.","We couldn't update the gift registry."
"The wish list item has been added to this gift registry.","The wish list item has been added to this gift registry."
"We couldn’t add your wish list items to your gift registry.","We couldn’t add your wish list items to your gift registry."
"Please enter correct search options.","Please enter correct search options."
"Please enter at least 2 letters of the first name.","Please enter at least 2 letters of the first name."
"Please enter at least 2 letters of the last name.","Please enter at least 2 letters of the last name."
"Please enter a valid email address.","Por favor, ingrese una dirección de correo electrónico válida."
"Please enter a gift registry ID.","Please enter a gift registry ID."
"Please enter the quantity of items to add to cart.","Please enter the quantity of items to add to cart."
"We can't add this item to your shopping cart right now.","No podemos añadir este artículo a su carrito de compras ahora mismo."
"Gift Registry Info","Gift Registry Info"
"Please enter the ""%1"".","Please enter the ""%1""."
"Please enter the correct ""%1"".","Please enter the correct ""%1""."
"Custom Types","Custom Types"
"Static Types","Static Types"
"Product has required options.","Product has required options."
"You need to enter sender data.","You need to enter sender data."
"Please add invitees.","Please add invitees."
"You cannot send emails to more than %1 recipients at once","You cannot send emails to more than %1 recipients at once"
"Please enter a valid invitee email address.","Please enter a valid invitee email address."
"Please enter an invitee name.","Please enter an invitee name."
"You shared the gift registry for %1 emails.","You shared the gift registry for %1 emails."
"We couldn't share the registry.","We couldn't share the registry."
"Private","Private"
"Inactive","Inactivo"
"Active","Activo"
"Please enter the title.","Please enter the title."
"Please enter the message.","Please enter the message."
"Please enter correct the Privacy setting.","Please enter correct the Privacy setting."
"We cannot specify the product.","We cannot specify the product."
"Please correct the  gift registry item quantity.","Please correct the  gift registry item quantity."
"Please correct the gift registry item ID.","Please correct the gift registry item ID."
"The quantity of ""%1"" product added to cart exceeds the quantity desired by the Gift Registry owner. The quantity added has been adjusted to meet remaining quantity %2.","The quantity of ""%1"" product added to cart exceeds the quantity desired by the Gift Registry owner. The quantity added has been adjusted to meet remaining quantity %2."
"Existing quantity of ""%1"" product in the cart has been replaced with quantity %2 just requested.","Existing quantity of ""%1"" product in the cart has been replaced with quantity %2 just requested."
"This product(s) is out of stock.","This product(s) is out of stock."
"Please correct the product for adding the item to the quote.","Please correct the product for adding the item to the quote."
"Please correct the item option format.","Please correct the item option format."
"An item option with code %1 already exists.","An item option with code %1 already exists."
"New","Nuevo"
"Please enter the first name.","Introduzca el nombre."
"Please enter the last name.","Introduzca el apellido."
"Please enter a valid email address(for example, daniel@x.com).","Please enter a valid email address(for example, daniel@x.com)."
"-- All --","-- All --"
"Unknown gift registry identifier","Unknown gift registry identifier"
"All Forms","All Forms"
"Registrant Name Search","Registrant Name Search"
"Registrant Email Search","Registrant Email Search"
"Gift Registry ID Search","Gift Registry ID Search"
"Ship to the recipient's address.","Ship to the recipient's address."
"Type","Type"
"Owner","Owner"
"Created on","Created on"
"Shipping Address","Dirección de envío"
"Shopping Cart Items","Artículos del carrito"
"New Attribute","Neues Merkmal"
"Input Type","Introducir tipo"
"Attribute Group","Attribute Group"
"Is Required","Es requerido"
"Is Searcheable","Is Searcheable"
"We found an attribute with this static input type already in the gift registry type. Please select a different input type.","We found an attribute with this static input type already in the gift registry type. Please select a different input type."
"Show Region","Show Region"
"Date Format","Date Format"
"Is Default","Es por defecto"
"Select a shipping address from your address book or enter a new address.","Wählen Sie eine Versandadresse aus Ihrem Adressbuch oder legen Sie eine neue Adresse ein."
"Company","Empresa"
"Address","Dirección"
"Street Address","Dirección postal (Calle, Nº de Casa, Código Postal)"
"Street Address %1","Street Address %1"
"City","Ciudad"
"Please select a region, state or province.","Please select a region, state or province."
"Zip/Postal Code","Código Postal"
"Country","País"
"Phone Number","Telefonnummer"
"Fax","Fax"
"Add All To Gift Registry","Add All To Gift Registry"
"Ship to registrant's address","Ship to registrant's address"
"Use the gift registry shipping address","Use the gift registry shipping address"
"Added On","Added On"
"Qty","Cantidad"
"Qty Fulfilled","Qty Fulfilled"
"Update Gift Registry","Update Gift Registry"
"Back","Volver"
"This gift registry has no items.","This gift registry has no items."
"Created On","Creado"
"Manage Items","Gestionar artículos"
"Share","Share"
"Edit","Editar"
"You haven't created a gift registry yet.","You haven't created a gift registry yet."
"Add New","Agregar nuevo"
"Remove","Eliminar"
"First Name","Nombre"
"Name","Nombre 	"
"Email","Correo electrónico"
"* Required Fields","* Campos obligatorios"
"Sender","Remitente"
"Invitee","Invitee"
"Maximum %1 email addresses.","Maximum %1 email addresses."
"Add Invitee","Add Invitee"
"Gift Registry Type","Gift Registry Type"
"Please select a gift registry type.","Please select a gift registry type."
"Next","Siguiente"
"Last Name","Apellidos"
"Registrant Information","Registrant Information"
"Maximum %1 registrants.","Maximum %1 registrants."
"Add Registrant","Add Registrant"
"Type:","Art:"
"Privacy Settings","Privacy Settings"
"Status","Estatus"
"label","etiqueta"
"Gift Registry Items Updated","Gift Registry Items Updated"
"Product Name","Nombre del producto"
"Requested Quantity","Requested Quantity"
"Fulfilled Quantity","Fulfilled Quantity"
"Total Fulfilled Quantity","Total Fulfilled Quantity"
"Remaining Quantity","Remaining Quantity"
"Quantity:","Cantidad:"
"Customize and Add to Gift Registry","Customize and Add to Gift Registry"
"This won't take long . . .","This won't take long . . ."
"Required Fields","Campos obligatorios"
"Search Options","Search Options"
"For better search results, first choose a gift registry type. By default, we search all registry types.","For better search results, first choose a gift registry type. By default, we search all registry types."
"Type Specific Options","Type Specific Options"
"Search","Buscar"
"Registrant Email","Registrant Email"
"Gift Registry ID","Gift Registry ID"
"Search Results","Resultados de Búsqueda"
"Location","Ubicación"
"Actions","Acciones"
"View","Ver"
"Your search returned no results.","Your search returned no results."
"Please enter at least two letters of the name.","Please enter at least two letters of the name."
"Search By","Buscar por"
"Please enter at least two letters.","Please enter at least two letters."
"Unit Price","Precio Unitario"
"Add to Cart","Añadir al carrito"
"%name,","%name,"
"You have successfully created the new gift registry ""%registry_name"".","You have successfully created the new gift registry ""%registry_name""."
"Your Gift Registry Message","Your Gift Registry Message"
"Now you can add products to your gift registry.","Now you can add products to your gift registry."
"Simply browse to <a href=""%store_url"">%store_name</a> and add the products you want to your shopping cart or wish list.","Simply browse to <a href=""%store_url"">%store_name</a> and add the products you want to your shopping cart or wish list."
"You can then add the products to your registry from your shopping cart or wish list page.","You can then add the products to your registry from your shopping cart or wish list page."
"You can also share it with your friends and family by logging into your account and visiting the Gift Registry tab.","You can also share it with your friends and family by logging into your account and visiting the Gift Registry tab."
"Or you can email the following link and gift registry ID to them:","Or you can email the following link and gift registry ID to them:"
"Registry Location:","Registry Location:"
"Registry ID:","Registry ID:"
"You can view and purchase items from this gift registry at <a href=""%account_url"">%store_name</a>.","You can view and purchase items from this gift registry at <a href=""%account_url"">%store_name</a>."
"Gift Registry:","Gift Registry:"
"Created For:","Created For:"
"You can create your own gift registry on <a href=""%account_url"">%store_name</a> and share it with friends and family.","You can create your own gift registry on <a href=""%account_url"">%store_name</a> and share it with friends and family."
"The following items have been purchased from your gift registry ""%registry_name"":","The following items have been purchased from your gift registry ""%registry_name"":"
"You can sign in to your account to view more details about this gift registry.","You can sign in to your account to view more details about this gift registry."
"Use gift registry shipping address","Use gift registry shipping address"
"The only place to change the number of gift registry items is on the Gift Registry Info page or directly in your cart.","The only place to change the number of gift registry items is on the Gift Registry Info page or directly in your cart."
"Text","Texto"
"Gift Registry Details","Gift Registry Details"
"Role","Role"
"Event Data","Event Data"
"Event Information","Event Information"
"Event Country","Event Country"
"My event special","My event special"
"My special attribute","My special attribute"
"General Options","Opciones generales"
"Enable Gift Registry","Enable Gift Registry"
"Maximum Registrants","Maximum Registrants"
"Owner Notification","Owner Notification"
"Email Template","Plantilla de email"
"Email Sender","Remitente de correo electrónico"
"Gift Registry Sharing","Gift Registry Sharing"
"Maximum Sent Emails Threshold","Maximum Sent Emails Threshold"
"Gift Registry Update","Gift Registry Update"
"Select","Seleccionar"
"Date","Fecha"
"Event Region Id","Event Region Id"
"Event Region Text","Event Region Text"
"Event Location","Event Location"
"Gift Registry Quick Search Form","Gift Registry Quick Search Form"
"Quick Search Form Types","Quick Search Form Types"
"Template","Plantilla"
"Default Template","Plantilla por defecto"
"Listed","Listed"
