"Condition type ""%1"" is not allowed","Condition type ""%1"" is not allowed"
"The configuration parameter ""formElement"" is a required for ""%1"" field.","The configuration parameter ""formElement"" is a required for ""%1"" field."
"Remove %1","Remove %1"
"Add New %1","Add New %1"
"New %1","New %1"
"Please select item(s).","Please select item(s)."
"Unsupported bookmark action.","Unsupported bookmark action."
"Initialization error component, check the spelling of the name or the correctness of the call.","Initialization error component, check the spelling of the name or the correctness of the call."
"Bookmark with id ""%1"" does not exist.","Bookmark with id ""%1"" does not exist."
"Next","Siguiente"
"Back","Volver"
"Cancel","Cancelar"
"Go to Details Page","Ir a la página de detalles"
"Please enter more or equal than {0} symbols.","Please enter more or equal than {0} symbols."
"Please enter less or equal than {0} symbols.","Please enter less or equal than {0} symbols."
"Please enter {0} words or less.","Please enter {0} words or less."
"Please enter at least {0} words.","Please enter at least {0} words."
"Please enter between {0} and {1} words.","Please enter between {0} and {1} words."
"Letters or punctuation only please","Letters or punctuation only please"
"Letters, numbers, spaces or underscores only please","Letters, numbers, spaces or underscores only please"
"Letters only please","Letters only please"
"No white space please","No white space please"
"Your ZIP-code must be in the range 902xx-xxxx to 905-xx-xxxx","Your ZIP-code must be in the range 902xx-xxxx to 905-xx-xxxx"
"A positive or negative non-decimal number please","A positive or negative non-decimal number please"
"The specified vehicle identification number (VIN) is invalid.","The specified vehicle identification number (VIN) is invalid."
"Please enter a correct date","Please enter a correct date"
"Vul hier een geldige datum in.","Vul hier een geldige datum in."
"Please enter a valid time, between 00:00 and 23:59","Please enter a valid time, between 00:00 and 23:59"
"Please enter a valid time, between 00:00 am and 12:00 pm","Please enter a valid time, between 00:00 am and 12:00 pm"
"Please specify a valid phone number","Please specify a valid phone number"
"Please specify a valid mobile number","Please specify a valid mobile number"
"Please enter at least {0} characters","Please enter at least {0} characters"
"Please enter a valid credit card number.","Por favor, introduzca un número de tarjeta de crédito válido."
"Please enter a valid IP v4 address.","Please enter a valid IP v4 address."
"Please enter a valid IP v6 address.","Please enter a valid IP v6 address."
"Invalid format.","Invalid format."
"HTML tags are not allowed.","HTML tags are not allowed."
"Please select an option.","Por favor, selecciona una opción."
"Empty Value.","Empty Value."
"Please use only letters (a-z or A-Z), numbers (0-9) or spaces only in this field.","Please use only letters (a-z or A-Z), numbers (0-9) or spaces only in this field."
"Please use only letters (a-z or A-Z), numbers (0-9) or underscore (_) in this field, and the first character should be a letter.","Please use only letters (a-z or A-Z), numbers (0-9) or underscore (_) in this field, and the first character should be a letter."
"Please use only letters (a-z or A-Z), numbers (0-9), spaces and ""#"" in this field.","Please use only letters (a-z or A-Z), numbers (0-9), spaces and ""#"" in this field."
"Please enter a valid phone number. For example (123) 456-7890 or 123-456-7890.","Por favor, introduzca un número de teléfono válido. Por ejemplo (123) 456-7890 ó 123-456-7890."
"Please enter a valid fax number (Ex: 123-456-7890).","Please enter a valid fax number (Ex: 123-456-7890)."
"Please enter a valid email address (Ex: johndoe@domain.com).","Please enter a valid email address (Ex: johndoe@domain.com)."
"Please enter 6 or more characters. Leading or trailing spaces will be ignored.","Por favor, introduzca 6 o más caracteres. Los espacios entre caracteres serán ignorados."
"Please enter 7 or more characters, using both numeric and alphabetic.","Please enter 7 or more characters, using both numeric and alphabetic."
"Please enter a valid URL. Protocol is required (http://, https:// or ftp://).","Please enter a valid URL. Protocol is required (http://, https:// or ftp://)."
"Please enter a valid URL. For example http://www.example.com or www.example.com.","Please enter a valid URL. For example http://www.example.com or www.example.com."
"Please enter a valid XML-identifier (Ex: something_1, block5, id-4).","Please enter a valid XML-identifier (Ex: something_1, block5, id-4)."
"Please enter a valid social security number (Ex: 123-45-6789).","Please enter a valid social security number (Ex: 123-45-6789)."
"Please enter a valid zip code (Ex: 90602 or 90602-1234).","Please enter a valid zip code (Ex: 90602 or 90602-1234)."
"Please use this date format: dd/mm/yyyy. For example 17/03/2006 for the 17th of March, 2006.","Por favor, use este formato para fechas: dd/mm/aaaa. Por ejemplo, 17/03/2006 para el 17 de marzo de 2006."
"Please enter a valid $ amount. For example $100.00.","Por favor, introduzca una cantidad válida en $. Por ejemplo: $100.00."
"Please enter a number 0 or greater in this field.","Por favor, introduzca 0 o un número mayor en este campo."
"Please enter a number greater than 0 in this field.","Por favor, introduzca un número mayor que 0 en este campo."
"Please input a valid CSS-length (Ex: 100px, 77pt, 20em, .5ex or 50%).","Please input a valid CSS-length (Ex: 100px, 77pt, 20em, .5ex or 50%)."
"Please enter a valid number in this field.","Por favor, introduzca un número válido en este campo."
"The value is not within the specified range.","El valor no está dentro del rango permitido."
"Please use letters only (a-z or A-Z) in this field.","Por favor, use sólo letras (a-z o A-Z) en este campo."
"Please use only letters (a-z), numbers (0-9) or underscore (_) in this field, and the first character should be a letter.","Please use only letters (a-z), numbers (0-9) or underscore (_) in this field, and the first character should be a letter."
"Please use only letters (a-z or A-Z) or numbers (0-9) in this field. No spaces or other characters are allowed.","Please use only letters (a-z or A-Z) or numbers (0-9) in this field. No spaces or other characters are allowed."
"Please enter a valid date.","Por favor introduce una fecha correcta."
"Please enter a valid URL Key (Ex: ""example-page"", ""example-page.html"" or ""anotherlevel/example-page"").","Please enter a valid URL Key (Ex: ""example-page"", ""example-page.html"" or ""anotherlevel/example-page"")."
"Please enter a valid zip code.","Por favor, introduzca un código postal (C.P.) válido."
"Please select State/Province.","Por favor, seleccione estado/provincia."
"Please enter issue number or start date for switch/solo card type.","Please enter issue number or start date for switch/solo card type."
"This is a required field.","Este es un campo obligatorio."
"Please enter positive number in this field.","Por favor, introduzca un número positivo en este campo."
"Please enter a valid value, ex: 10,20,30","Por favor ingrese un valor válido, ej: 10,20,30"
"Attention","Attention"
"OK","Aceptar"
"Close","Cerrar"
"Ok","Aceptar"
"Log JS Errors to Session Storage","Log JS Errors to Session Storage"
"Log JS Errors to Session Storage Key","Log JS Errors to Session Storage Key"
"ui/grid/filters/elements/select","ui/grid/filters/elements/select"
"Action","Acción"
"CSV","CSV"
"Excel XML","Excel XML"
